Protocol,Count,Percentage
TCP,1869,64.33734939759036
UDP,1015,34.93975903614458
ICMP,21,0.7228915662650602
